,nodes,steps,airtemp,humidity,rainfall,landtemp
0,1,1,25.16079,0.23364668,3.469447e-15,25.462702
1,1,2,24.540129,0.23746802,7.979728e-14,25.422258
2,1,3,24.122599,0.24087174,0.0,25.097021
3,1,4,23.934708,0.21600886,0.0,24.722015
4,1,5,23.956753,0.20797263,3.469447e-15,24.68328
5,1,6,23.886179,0.20995688,7.979728e-14,24.511099
6,1,7,24.746534,0.20241717,0.0,25.280247
7,1,8,24.387169,0.1966876,0.0,25.309864
8,1,9,24.679972,0.21499805,0.0,25.780613
9,1,10,24.978285,0.24620675,0.0,26.10191
10,1,11,26.574121,0.2257857,0.0,27.107296
11,1,12,27.949251,0.18182974,0.0,27.938557
12,1,13,27.318417,0.1699005,1.7347235e-15,27.550652
13,1,14,26.462593,0.18108079,3.989864e-14,26.896828
14,1,15,26.488726,0.19745241,0.0,26.998081
15,1,16,27.063242,0.20101175,0.0,27.48441
16,1,17,27.617693,0.22552189,0.0,27.138172
17,1,18,28.34146,0.27331483,3.469447e-15,27.44056
18,1,19,27.333012,0.17062172,7.979728e-14,27.730188
19,1,20,24.44989,0.17260954,0.0,26.2149
20,1,21,24.612856,0.19576013,0.0,25.735895
21,1,22,25.403584,0.18634215,0.0,26.41514
22,1,23,24.675482,0.17192653,0.0,25.989296
23,1,24,25.041687,0.21621944,0.0,26.110558
24,1,25,26.084183,0.24175096,0.0,26.962318
25,1,26,25.957024,0.18792188,3.469447e-15,26.763802
26,1,27,25.30968,0.17368735,7.979728e-14,26.227905
27,1,28,26.233776,0.18617213,0.0,26.969694
28,1,29,26.329605,0.17977858,0.0,27.025307
29,1,30,26.606455,0.18436342,0.0,27.224457
30,1,31,27.68524,0.18536024,0.0,27.926271
31,1,32,28.180975,0.18038112,0.0,28.489672
32,1,33,28.481382,0.1748952,0.0,28.333584
33,1,34,28.579731,0.27397865,0.0,29.280502
34,1,35,29.279963,0.19213672,3.469447e-15,29.838299
35,1,36,27.261158,0.1892067,8.326673e-14,28.384977
36,1,37,27.46587,0.16522267,7.979728e-14,28.0967
37,1,38,27.281422,0.16950238,3.469447e-15,28.346874
38,1,39,26.684042,0.15230595,7.979728e-14,27.731224
39,1,40,26.546633,0.14486071,3.469447e-15,27.698658
40,1,41,25.76153,0.1463163,7.979728e-14,26.98467
41,1,42,25.959253,0.16098428,0.0,27.182722
42,1,43,26.000101,0.16639836,0.0,27.0399
43,1,44,26.391762,0.17669703,3.469447e-15,27.22322
44,1,45,27.387133,0.17634368,7.979728e-14,27.945705
45,1,46,27.044973,0.16000482,0.0,28.233177
46,1,47,26.637465,0.16655803,0.0,28.10296
47,1,48,27.565702,0.19201516,0.0,28.717173
48,1,49,28.65097,0.19209416,0.0,29.53492
49,1,50,28.982466,0.15753217,0.0,30.050941
50,1,51,28.858496,0.23350145,3.469447e-15,29.444948
51,1,52,30.191832,0.17387144,7.979728e-14,30.774149
52,1,53,29.055243,0.14249174,0.0,30.14508
53,1,54,27.890858,0.13827385,0.0,29.290434
54,1,55,26.944975,0.16618265,0.0,28.926678
55,1,56,27.918688,0.157262,0.0,29.305685
56,1,57,27.416964,0.14670089,0.0,29.224232
57,1,58,26.759523,0.14665128,0.0,28.526264
58,1,59,25.475792,0.16084637,0.00058192865,27.540737
59,1,60,24.675413,0.1692259,0.00058192865,26.95578
60,1,61,26.078512,0.17054325,0.0,27.753658
61,1,62,27.579105,0.1653568,0.0,28.708748
62,1,63,28.667484,0.17273313,0.0,29.687603
63,1,64,29.695559,0.15967602,0.0,30.647177
64,1,65,29.254732,0.17616336,0.0,30.507784
65,1,66,30.502966,0.15319303,0.0,30.634846
66,1,67,30.000502,0.19560991,0.0,30.93535
67,1,68,28.94759,0.143757,3.469447e-15,31.10877
68,1,69,29.430996,0.15841572,7.979728e-14,30.313251
69,1,70,31.14376,0.11876379,0.0,31.945034
70,1,71,31.198797,0.1344763,3.469447e-15,32.0826
71,1,72,31.45191,0.15186848,7.979728e-14,32.753563
72,1,73,32.052326,0.148288,0.0,32.774445
73,1,74,32.74218,0.1294933,0.0,33.35853
74,1,75,33.427856,0.22947134,0.0006386546,34.108654
75,1,76,31.38905,0.45777193,0.029736644,33.580196
76,1,77,33.189953,0.38970566,0.1925827,34.69017
77,1,78,33.23197,0.34912765,0.22876748,34.831707
78,1,79,33.311733,0.3613178,0.23336552,35.101974
79,1,80,33.32993,0.1640291,0.0,35.15778
80,1,81,31.964281,0.1509221,0.0,33.769135
81,1,82,31.435083,0.13364759,0.0,33.120926
82,1,83,33.07706,0.15837303,0.0,33.667084
83,1,84,33.671967,0.26417086,0.036445137,34.950832
84,1,85,32.204845,0.47063702,1.8268836,34.528942
85,1,86,29.547873,0.5803815,0.8047464,31.822987
86,1,87,32.349236,0.25654447,7.979728e-14,33.12938
87,1,88,33.65057,0.23235586,0.0,33.798798
88,1,89,34.07677,0.34282893,0.0,35.12084
89,1,90,32.83137,0.43494698,0.20000936,34.547253
90,1,91,33.352882,0.41280213,0.1774779,35.303562
91,1,92,34.905178,0.34136865,3.469447e-15,36.258923
92,1,93,34.66178,0.35568595,7.979728e-14,35.998856
93,1,94,35.662548,0.3801495,0.0,37.048306
94,1,95,33.65654,0.43111205,2.9651237,35.448746
95,1,96,34.666172,0.34876195,0.0,36.406033
96,1,97,34.41719,0.19280255,0.0,36.086163
97,1,98,33.40599,0.17583463,0.0,35.46267
98,1,99,33.522545,0.14336595,0.0,35.397068
99,1,100,33.521297,0.1711126,3.469447e-15,35.619328
100,1,101,33.36815,0.15735343,8.326673e-14,34.86033
101,1,102,33.073753,0.39816743,0.04702946,35.139187
102,1,103,33.782757,0.20061468,0.0019863693,35.24738
103,1,104,33.358765,0.236482,7.979728e-14,35.220913
104,1,105,33.319653,0.31354347,0.0026487154,35.418373
105,1,106,35.449837,0.23772372,0.0027362928,36.76991
106,1,107,34.680782,0.33377975,0.0006444902,36.7244
107,1,108,35.519043,0.2964554,0.0,37.26607
108,1,109,35.273994,0.3653265,0.015488109,37.682007
109,1,110,33.99884,0.4047003,0.14617038,36.559254
110,1,111,33.059002,0.44176292,0.5778076,35.930893
111,1,112,34.60581,0.398432,0.17413974,36.58925
112,1,113,30.565395,0.5504403,0.16149104,34.71654
113,1,114,30.006168,0.6031975,0.3385361,32.723003
114,1,115,33.242916,0.4909397,0.038926948,34.84893
115,1,116,35.41221,0.33526042,0.012474618,36.934803
116,1,117,35.513504,0.40011415,0.36932263,37.646336
117,1,118,34.340748,0.46808046,1.321673,37.028862
118,1,119,33.801643,0.42349163,0.0,36.608074
119,1,120,34.72734,0.45267433,0.016193734,37.549595
120,1,121,34.574726,0.46106756,0.0011719776,37.409615
121,1,122,34.66642,0.46022514,0.91868824,37.444546
122,1,123,33.800323,0.50055003,0.2675414,37.3803
123,1,124,28.993807,0.6640649,17.666615,32.160538
124,1,125,32.71037,0.4856172,0.0,33.38171
125,1,126,34.788494,0.4552479,3.469447e-15,35.209507
126,1,127,34.282066,0.49455315,0.067122824,35.790028
127,1,128,33.04749,0.4921791,0.0,34.87408
128,1,129,33.92526,0.48031652,0.0006963847,35.67957
129,1,130,33.006744,0.50135636,0.1652467,35.37193
130,1,131,31.212297,0.58489794,2.1854162,33.696934
131,1,132,32.673748,0.52935404,0.74630016,34.595703
132,1,133,31.343056,0.5638276,5.7720356,33.915405
133,1,134,32.275074,0.5134489,0.28673193,33.903954
134,1,135,30.554718,0.59024006,0.26703116,32.80154
135,1,136,31.317566,0.55131084,0.23079138,33.324738
136,1,137,32.938736,0.52368104,0.42005387,34.613598
137,1,138,33.004814,0.4781702,0.012393473,35.058826
138,1,139,33.11053,0.50140154,3.1191857,35.53248
139,1,140,31.607866,0.5065618,0.11326731,33.924965
140,1,141,30.869467,0.60887045,7.234936,33.74689
141,1,142,31.041376,0.5858031,0.95082206,32.97981
142,1,143,31.90497,0.5629242,2.6054695,33.80215
143,1,144,28.044638,0.70442927,3.131836,30.944223
144,1,145,28.891552,0.6823446,0.6734504,31.10197
145,1,146,31.932268,0.54339087,0.25912565,32.744747
146,1,147,32.63368,0.5602921,0.40398687,33.850338
147,1,148,31.963573,0.582258,0.44750375,33.436707
148,1,149,31.420383,0.5468308,0.087560594,33.345303
149,1,150,32.648064,0.54110026,0.057253115,34.550808
150,1,151,30.999264,0.5834888,0.23139983,33.627148
151,1,152,27.787985,0.6868269,0.8758258,31.615038
152,1,153,28.299852,0.69856447,0.1983205,30.005058
153,1,154,30.497524,0.65471786,1.970736,32.27959
154,1,155,31.09152,0.6234067,0.30698207,33.030262
155,1,156,30.991835,0.62424153,2.3750296,33.022236
156,1,157,28.654913,0.68682355,0.87072754,31.548384
157,1,158,27.575216,0.7159005,0.4838475,29.636295
158,1,159,29.220074,0.66742426,0.023968901,30.865456
159,1,160,30.634054,0.6570424,2.2775874,32.29444
160,1,161,31.310038,0.6505295,1.2656461,32.596462
161,1,162,30.080027,0.68448734,0.8541593,32.04262
162,1,163,30.702833,0.61217797,0.16008374,32.378586
163,1,164,29.53849,0.66050917,1.1665165,32.117844
164,1,165,30.175594,0.65717167,1.8945786,31.62601
165,1,166,30.677748,0.64847815,0.20851745,32.283707
166,1,167,31.849743,0.59158254,0.50917023,33.240883
167,1,168,30.034678,0.61911404,0.1624613,32.456676
168,1,169,31.856602,0.5607643,3.469447e-15,33.57349
169,1,170,31.583954,0.5817434,0.23956403,33.48498
170,1,171,31.99248,0.5500165,0.28155792,33.690582
171,1,172,31.62288,0.5581144,0.11552002,33.556793
172,1,173,28.40378,0.6855599,5.9467287,32.350185
173,1,174,28.530922,0.7012378,0.5581876,31.016005
174,1,175,30.41598,0.6601481,11.692971,32.152042
175,1,176,27.916245,0.7089048,0.061524823,30.594236
176,1,177,29.307608,0.68258196,0.014084425,30.671618
177,1,178,29.600058,0.66312027,0.18207043,31.11359
178,1,179,30.154577,0.63960904,0.7306116,31.791748
179,1,180,27.115786,0.7935488,13.156852,28.693333
180,1,181,30.143703,0.6846434,1.0433885,31.06844
181,1,182,30.015722,0.66924477,18.643898,31.5111
182,1,183,27.22422,0.74236816,0.30998024,29.175646
183,1,184,29.685781,0.70184594,0.6202177,30.708395
184,1,185,26.079475,0.84193677,11.884053,29.318466
185,1,186,25.484488,0.83570355,11.028662,27.867796
186,1,187,28.47611,0.73039156,0.09294466,29.45044
187,1,188,29.843552,0.7107198,2.7629838,30.460117
188,1,189,27.852566,0.77235407,8.611685,29.84254
189,1,190,24.344418,0.8327553,1.541177,26.537388
190,1,191,27.07418,0.75352097,2.4748075,28.21752
191,1,192,28.005503,0.75555265,2.3787608,29.224981
192,1,193,27.222258,0.81076825,12.094373,28.84497
193,1,194,27.23371,0.7881592,6.5422897,28.384497
194,1,195,28.518393,0.7622208,2.6493733,29.465033
195,1,196,25.887854,0.82867396,4.6062427,28.585386
196,1,197,25.901878,0.8185089,3.9770937,27.250244
197,1,198,27.360533,0.7797466,0.93176275,28.287123
198,1,199,26.391602,0.78945976,0.16606146,27.819258
199,1,200,25.213509,0.8652548,10.111135,27.240364
200,1,201,25.498842,0.83684534,5.4465737,26.859016
201,1,202,26.160448,0.8078747,11.222962,27.712255
202,1,203,27.309841,0.76420784,0.06736754,28.134163
203,1,204,26.417173,0.84169835,10.653551,27.760658
204,1,205,26.133602,0.8275516,16.366304,27.447168
205,1,206,27.93796,0.74528784,0.3312575,28.445953
206,1,207,26.53512,0.8142615,2.1025832,28.683657
207,1,208,28.259605,0.7504704,0.37627998,29.007576
208,1,209,25.479578,0.8479252,9.208085,27.522394
209,1,210,27.074118,0.8196955,7.021066,28.120928
210,1,211,27.625587,0.78245366,1.537751,28.47615
211,1,212,27.770813,0.794649,5.542237,28.933817
212,1,213,26.670612,0.819505,4.954527,28.157064
213,1,214,26.735018,0.81524414,8.008779,27.924118
214,1,215,26.343119,0.80930656,0.26506436,27.184961
215,1,216,27.505913,0.76996297,0.7513098,27.991852
216,1,217,26.853987,0.8011579,3.522124,28.26567
217,1,218,25.875546,0.8634223,18.733225,27.296263
218,1,219,26.848465,0.7976076,1.1129595,27.47748
219,1,220,25.842619,0.8324506,9.414388,27.147903
220,1,221,26.62518,0.80877346,0.94585514,27.438814
221,1,222,26.122515,0.8126882,0.96837,27.341244
222,1,223,27.38676,0.7547422,0.61601573,27.969982
223,1,224,27.945879,0.7451369,0.96874577,28.332212
224,1,225,27.755852,0.7752593,0.8238786,28.972511
225,1,226,26.928036,0.8142665,6.65124,28.171993
226,1,227,27.730011,0.7823113,3.0119755,28.667747
227,1,228,26.66738,0.8040571,5.3394203,27.40969
228,1,229,26.30643,0.8077822,2.4471002,27.149714
229,1,230,27.095556,0.8100423,7.177784,28.061369
230,1,231,26.455969,0.8146324,8.846743,27.973814
231,1,232,25.578123,0.8614433,6.596247,26.142385
232,1,233,27.180525,0.77663493,0.842708,27.508448
233,1,234,24.816967,0.8683952,6.495274,26.549234
234,1,235,24.4566,0.8969641,19.989346,25.704128
235,1,236,25.352333,0.88079005,16.309385,25.888353
236,1,237,25.629642,0.82176805,2.629373,26.09545
237,1,238,25.823603,0.8400649,8.516975,26.344498
238,1,239,26.64621,0.82519156,13.791892,26.92037
239,1,240,25.199808,0.87343377,9.773718,26.718344
240,1,241,25.384405,0.8638667,3.9597876,26.308014
241,1,242,25.877022,0.8475179,1.8999177,27.004395
242,1,243,27.939585,0.7590236,1.7876123,28.41351
243,1,244,27.392794,0.7943552,4.834186,28.258556
244,1,245,26.393827,0.8011067,6.0735707,27.578753
245,1,246,27.145588,0.8076225,3.2059624,28.03614
246,1,247,25.995987,0.8308972,1.7290128,28.24079
247,1,248,27.82941,0.741851,0.3068346,28.424965
248,1,249,28.374992,0.7324596,1.6778716,28.972464
249,1,250,26.623087,0.8206423,4.5625424,28.588299
250,1,251,26.473495,0.8214668,1.5874792,28.17053
251,1,252,25.766943,0.84493625,0.8460148,27.620962
252,1,253,27.298716,0.8103507,0.640186,28.674093
253,1,254,28.187904,0.7661116,0.5559769,29.0936
254,1,255,26.93577,0.8085492,8.949825,28.495783
255,1,256,27.8382,0.81106895,1.5653292,28.81482
256,1,257,28.57057,0.7717409,0.2991743,29.296507
257,1,258,24.533577,0.85512066,21.899685,27.152985
258,1,259,26.908037,0.8064395,6.9354253,27.833965
259,1,260,25.623825,0.87615114,3.85602,28.122923
260,1,261,27.086987,0.81182814,6.426726,27.831589
261,1,262,26.465721,0.8298226,8.430805,28.109552
262,1,263,27.947054,0.7690349,0.21473917,28.858942
263,1,264,28.829868,0.7830284,1.4374093,29.732746
264,1,265,28.267351,0.77503514,2.6911278,29.157913
265,1,266,28.159098,0.7792097,0.22135665,29.336855
266,1,267,28.900324,0.7871381,2.974008,29.8856
267,1,268,29.355827,0.7627669,1.2725646,30.091307
268,1,269,29.230356,0.7416912,0.049086235,29.901733
269,1,270,28.081316,0.7695501,1.3853495,29.510284
270,1,271,27.632368,0.750977,0.24459624,29.024542
271,1,272,29.302633,0.725767,0.78496796,30.25137
272,1,273,29.08791,0.7017071,1.8984349,30.054764
273,1,274,26.756826,0.7935892,13.22402,28.200426
274,1,275,26.555182,0.8075267,0.26082537,27.796473
275,1,276,28.108664,0.7701973,0.7188544,29.072018
276,1,277,27.83428,0.7452443,5.3727384,29.014578
277,1,278,26.857986,0.79486257,9.347208,28.668776
278,1,279,26.473507,0.8376946,6.553698,28.374868
279,1,280,28.229267,0.76395553,0.687482,28.678028
280,1,281,25.750526,0.7888091,0.3236333,27.164013
281,1,282,26.625793,0.8060956,22.08185,27.903732
282,1,283,25.444555,0.8553855,13.115534,27.144089
283,1,284,25.20097,0.88448405,20.788807,26.64358
284,1,285,24.956001,0.8431173,2.738943,26.052925
285,1,286,26.414867,0.813982,7.0918727,27.072311
286,1,287,28.545073,0.74411196,0.14104857,28.624447
287,1,288,28.300234,0.7667031,3.945649,28.71796
288,1,289,28.870853,0.7207431,0.0023661333,29.200666
289,1,290,27.953836,0.7470539,0.4203606,28.613556
290,1,291,29.55577,0.7000871,0.028428322,29.804544
291,1,292,28.540026,0.7525815,2.13225,29.653292
292,1,293,26.045296,0.7971111,0.07471947,27.507746
293,1,294,26.906681,0.8000955,2.4663863,27.586187
294,1,295,28.394579,0.754648,0.05749923,29.015867
295,1,296,29.124296,0.72402436,0.033909842,29.728212
296,1,297,29.162415,0.7161331,0.37391734,29.971119
297,1,298,29.584888,0.64235806,0.0,29.9878
298,1,299,29.733114,0.6172346,0.036324102,30.07615
299,1,300,28.58558,0.73881257,4.993338,29.641418
300,1,301,28.694788,0.7224417,2.8904064,29.494753
301,1,302,28.335573,0.6698767,2.7655118,29.517729
302,1,303,28.736408,0.63777006,1.8063973,29.503391
303,1,304,28.112898,0.73001504,0.29013386,28.868996
304,1,305,28.887487,0.65550184,0.025161574,29.53985
305,1,306,29.60346,0.57803756,0.001378828,30.107557
306,1,307,28.955706,0.59960055,0.068269856,29.571815
307,1,308,29.398092,0.5855027,0.0,30.355053
308,1,309,29.583029,0.4875598,0.0,29.947037
309,1,310,29.609,0.46523544,3.469447e-15,30.429543
310,1,311,30.158676,0.46921542,7.979728e-14,30.884872
311,1,312,30.374634,0.48682955,0.0,31.354828
312,1,313,30.242186,0.45701563,0.0,31.410088
313,1,314,30.241562,0.43940356,0.0,31.440678
314,1,315,30.103622,0.45420915,0.0,31.321127
315,1,316,29.930548,0.33515418,0.0,30.790205
316,1,317,28.603033,0.3529478,0.0,29.583
317,1,318,28.038916,0.26360473,0.0,28.849228
318,1,319,28.693617,0.30796275,6.938894e-15,29.027346
319,1,320,29.659792,0.34046787,1.5959456e-13,29.836155
320,1,321,29.38478,0.29772925,0.0,29.689453
321,1,322,29.407736,0.2810736,0.0,29.553978
322,1,323,29.256063,0.27431276,0.0,29.061964
323,1,324,28.297977,0.26741776,0.0,28.867676
324,1,325,29.253246,0.26490873,0.0,28.939953
325,1,326,28.898695,0.32870206,3.469447e-15,28.43989
326,1,327,29.761671,0.34034786,7.979728e-14,28.953215
327,1,328,29.738747,0.34159076,0.0,29.141682
328,1,329,29.812305,0.33098677,3.469447e-15,29.458017
329,1,330,29.739595,0.30390605,7.979728e-14,29.441513
330,1,331,29.45024,0.3157678,0.0,28.923061
331,1,332,29.92678,0.36626688,0.0,29.249817
332,1,333,28.863056,0.27254185,0.0,28.615898
333,1,334,28.54886,0.21574715,0.0,28.528992
334,1,335,28.214287,0.25232008,0.0,28.40072
335,1,336,28.006516,0.25820214,0.0,28.135937
336,1,337,27.485445,0.28412366,0.0,27.57106
337,1,338,27.215986,0.29241884,3.469447e-15,27.709604
338,1,339,26.861858,0.25812674,7.979728e-14,27.606043
339,1,340,26.76555,0.26077518,0.0,26.714231
340,1,341,27.172556,0.33505037,0.0,27.276672
341,1,342,26.625591,0.29220092,0.0,27.284328
342,1,343,26.670965,0.26799074,0.0,27.378513
343,1,344,26.43974,0.2915188,0.0,26.971878
344,1,345,26.732155,0.24219805,0.0,27.076708
345,1,346,26.624292,0.23142768,0.0,26.866034
346,1,347,26.52839,0.22484276,0.0,26.7313
347,1,348,26.418827,0.19748273,0.0,26.881472
348,1,349,26.080881,0.18089789,0.0,26.649641
349,1,350,26.50871,0.19594833,0.0,26.933317
350,1,351,27.465546,0.20087019,0.0,27.230484
351,1,352,27.093912,0.21593401,0.0,27.62589
352,1,353,27.395088,0.26291153,3.469447e-15,27.924
353,1,354,27.558895,0.24390055,7.979728e-14,28.117441
354,1,355,26.87007,0.2200491,0.0,27.636505
355,1,356,27.055964,0.18375549,0.0,27.179962
356,1,357,26.956938,0.19588059,0.0,27.127586
357,1,358,25.718834,0.19600993,3.469447e-15,26.336824
358,1,359,25.319744,0.17474264,7.979728e-14,26.35809
359,1,360,25.401794,0.19239618,0.0,26.175573
360,1,361,25.705547,0.22233433,0.0,26.260155
361,1,362,26.078861,0.24303877,0.0,26.617903
362,1,363,25.956047,0.22317077,6.938894e-15,26.48285
363,1,364,25.499245,0.20343795,1.63064e-13,25.996435
364,1,365,24.769257,0.19647917,7.979728e-14,25.38943
365,2,1,25.16079,0.23364668,3.469447e-15,25.462702
366,2,2,24.540129,0.23746802,7.979728e-14,25.422258
367,2,3,24.122599,0.24087174,0.0,25.097021
368,2,4,23.934708,0.21600886,0.0,24.722015
369,2,5,23.956753,0.20797263,3.469447e-15,24.68328
370,2,6,23.886179,0.20995688,7.979728e-14,24.511099
371,2,7,24.746534,0.20241717,0.0,25.280247
372,2,8,24.387169,0.1966876,0.0,25.309864
373,2,9,24.679972,0.21499805,0.0,25.780613
374,2,10,24.978285,0.24620675,0.0,26.10191
375,2,11,26.574121,0.2257857,0.0,27.107296
376,2,12,27.949251,0.18182974,0.0,27.938557
377,2,13,27.318417,0.1699005,1.7347235e-15,27.550652
378,2,14,26.462593,0.18108079,3.989864e-14,26.896828
379,2,15,26.488726,0.19745241,0.0,26.998081
380,2,16,27.063242,0.20101175,0.0,27.48441
381,2,17,27.617693,0.22552189,0.0,27.138172
382,2,18,28.34146,0.27331483,3.469447e-15,27.44056
383,2,19,27.333012,0.17062172,7.979728e-14,27.730188
384,2,20,24.44989,0.17260954,0.0,26.2149
385,2,21,24.612856,0.19576013,0.0,25.735895
386,2,22,25.403584,0.18634215,0.0,26.41514
387,2,23,24.675482,0.17192653,0.0,25.989296
388,2,24,25.041687,0.21621944,0.0,26.110558
389,2,25,26.084183,0.24175096,0.0,26.962318
390,2,26,25.957024,0.18792188,3.469447e-15,26.763802
391,2,27,25.30968,0.17368735,7.979728e-14,26.227905
392,2,28,26.233776,0.18617213,0.0,26.969694
393,2,29,26.329605,0.17977858,0.0,27.025307
394,2,30,26.606455,0.18436342,0.0,27.224457
395,2,31,27.68524,0.18536024,0.0,27.926271
396,2,32,28.180975,0.18038112,0.0,28.489672
397,2,33,28.481382,0.1748952,0.0,28.333584
398,2,34,28.579731,0.27397865,0.0,29.280502
399,2,35,29.279963,0.19213672,3.469447e-15,29.838299
400,2,36,27.261158,0.1892067,8.326673e-14,28.384977
401,2,37,27.46587,0.16522267,7.979728e-14,28.0967
402,2,38,27.281422,0.16950238,3.469447e-15,28.346874
403,2,39,26.684042,0.15230595,7.979728e-14,27.731224
404,2,40,26.546633,0.14486071,3.469447e-15,27.698658
405,2,41,25.76153,0.1463163,7.979728e-14,26.98467
406,2,42,25.959253,0.16098428,0.0,27.182722
407,2,43,26.000101,0.16639836,0.0,27.0399
408,2,44,26.391762,0.17669703,3.469447e-15,27.22322
409,2,45,27.387133,0.17634368,7.979728e-14,27.945705
410,2,46,27.044973,0.16000482,0.0,28.233177
411,2,47,26.637465,0.16655803,0.0,28.10296
412,2,48,27.565702,0.19201516,0.0,28.717173
413,2,49,28.65097,0.19209416,0.0,29.53492
414,2,50,28.982466,0.15753217,0.0,30.050941
415,2,51,28.858496,0.23350145,3.469447e-15,29.444948
416,2,52,30.191832,0.17387144,7.979728e-14,30.774149
417,2,53,29.055243,0.14249174,0.0,30.14508
418,2,54,27.890858,0.13827385,0.0,29.290434
419,2,55,26.944975,0.16618265,0.0,28.926678
420,2,56,27.918688,0.157262,0.0,29.305685
421,2,57,27.416964,0.14670089,0.0,29.224232
422,2,58,26.759523,0.14665128,0.0,28.526264
423,2,59,25.475792,0.16084637,0.00058192865,27.540737
424,2,60,24.675413,0.1692259,0.00058192865,26.95578
425,2,61,26.078512,0.17054325,0.0,27.753658
426,2,62,27.579105,0.1653568,0.0,28.708748
427,2,63,28.667484,0.17273313,0.0,29.687603
428,2,64,29.695559,0.15967602,0.0,30.647177
429,2,65,29.254732,0.17616336,0.0,30.507784
430,2,66,30.502966,0.15319303,0.0,30.634846
431,2,67,30.000502,0.19560991,0.0,30.93535
432,2,68,28.94759,0.143757,3.469447e-15,31.10877
433,2,69,29.430996,0.15841572,7.979728e-14,30.313251
434,2,70,31.14376,0.11876379,0.0,31.945034
435,2,71,31.198797,0.1344763,3.469447e-15,32.0826
436,2,72,31.45191,0.15186848,7.979728e-14,32.753563
437,2,73,32.052326,0.148288,0.0,32.774445
438,2,74,32.74218,0.1294933,0.0,33.35853
439,2,75,33.427856,0.22947134,0.0006386546,34.108654
440,2,76,31.38905,0.45777193,0.029736644,33.580196
441,2,77,33.189953,0.38970566,0.1925827,34.69017
442,2,78,33.23197,0.34912765,0.22876748,34.831707
443,2,79,33.311733,0.3613178,0.23336552,35.101974
444,2,80,33.32993,0.1640291,0.0,35.15778
445,2,81,31.964281,0.1509221,0.0,33.769135
446,2,82,31.435083,0.13364759,0.0,33.120926
447,2,83,33.07706,0.15837303,0.0,33.667084
448,2,84,33.671967,0.26417086,0.036445137,34.950832
449,2,85,32.204845,0.47063702,1.8268836,34.528942
450,2,86,29.547873,0.5803815,0.8047464,31.822987
451,2,87,32.349236,0.25654447,7.979728e-14,33.12938
452,2,88,33.65057,0.23235586,0.0,33.798798
453,2,89,34.07677,0.34282893,0.0,35.12084
454,2,90,32.83137,0.43494698,0.20000936,34.547253
455,2,91,33.352882,0.41280213,0.1774779,35.303562
456,2,92,34.905178,0.34136865,3.469447e-15,36.258923
457,2,93,34.66178,0.35568595,7.979728e-14,35.998856
458,2,94,35.662548,0.3801495,0.0,37.048306
459,2,95,33.65654,0.43111205,2.9651237,35.448746
460,2,96,34.666172,0.34876195,0.0,36.406033
461,2,97,34.41719,0.19280255,0.0,36.086163
462,2,98,33.40599,0.17583463,0.0,35.46267
463,2,99,33.522545,0.14336595,0.0,35.397068
464,2,100,33.521297,0.1711126,3.469447e-15,35.619328
465,2,101,33.36815,0.15735343,8.326673e-14,34.86033
466,2,102,33.073753,0.39816743,0.04702946,35.139187
467,2,103,33.782757,0.20061468,0.0019863693,35.24738
468,2,104,33.358765,0.236482,7.979728e-14,35.220913
469,2,105,33.319653,0.31354347,0.0026487154,35.418373
470,2,106,35.449837,0.23772372,0.0027362928,36.76991
471,2,107,34.680782,0.33377975,0.0006444902,36.7244
472,2,108,35.519043,0.2964554,0.0,37.26607
473,2,109,35.273994,0.3653265,0.015488109,37.682007
474,2,110,33.99884,0.4047003,0.14617038,36.559254
475,2,111,33.059002,0.44176292,0.5778076,35.930893
476,2,112,34.60581,0.398432,0.17413974,36.58925
477,2,113,30.565395,0.5504403,0.16149104,34.71654
478,2,114,30.006168,0.6031975,0.3385361,32.723003
479,2,115,33.242916,0.4909397,0.038926948,34.84893
480,2,116,35.41221,0.33526042,0.012474618,36.934803
481,2,117,35.513504,0.40011415,0.36932263,37.646336
482,2,118,34.340748,0.46808046,1.321673,37.028862
483,2,119,33.801643,0.42349163,0.0,36.608074
484,2,120,34.72734,0.45267433,0.016193734,37.549595
485,2,121,34.574726,0.46106756,0.0011719776,37.409615
486,2,122,34.66642,0.46022514,0.91868824,37.444546
487,2,123,33.800323,0.50055003,0.2675414,37.3803
488,2,124,28.993807,0.6640649,17.666615,32.160538
489,2,125,32.71037,0.4856172,0.0,33.38171
490,2,126,34.788494,0.4552479,3.469447e-15,35.209507
491,2,127,34.282066,0.49455315,0.067122824,35.790028
492,2,128,33.04749,0.4921791,0.0,34.87408
493,2,129,33.92526,0.48031652,0.0006963847,35.67957
494,2,130,33.006744,0.50135636,0.1652467,35.37193
495,2,131,31.212297,0.58489794,2.1854162,33.696934
496,2,132,32.673748,0.52935404,0.74630016,34.595703
497,2,133,31.343056,0.5638276,5.7720356,33.915405
498,2,134,32.275074,0.5134489,0.28673193,33.903954
499,2,135,30.554718,0.59024006,0.26703116,32.80154
500,2,136,31.317566,0.55131084,0.23079138,33.324738
501,2,137,32.938736,0.52368104,0.42005387,34.613598
502,2,138,33.004814,0.4781702,0.012393473,35.058826
503,2,139,33.11053,0.50140154,3.1191857,35.53248
504,2,140,31.607866,0.5065618,0.11326731,33.924965
505,2,141,30.869467,0.60887045,7.234936,33.74689
506,2,142,31.041376,0.5858031,0.95082206,32.97981
507,2,143,31.90497,0.5629242,2.6054695,33.80215
508,2,144,28.044638,0.70442927,3.131836,30.944223
509,2,145,28.891552,0.6823446,0.6734504,31.10197
510,2,146,31.932268,0.54339087,0.25912565,32.744747
511,2,147,32.63368,0.5602921,0.40398687,33.850338
512,2,148,31.963573,0.582258,0.44750375,33.436707
513,2,149,31.420383,0.5468308,0.087560594,33.345303
514,2,150,32.648064,0.54110026,0.057253115,34.550808
515,2,151,30.999264,0.5834888,0.23139983,33.627148
516,2,152,27.787985,0.6868269,0.8758258,31.615038
517,2,153,28.299852,0.69856447,0.1983205,30.005058
518,2,154,30.497524,0.65471786,1.970736,32.27959
519,2,155,31.09152,0.6234067,0.30698207,33.030262
520,2,156,30.991835,0.62424153,2.3750296,33.022236
521,2,157,28.654913,0.68682355,0.87072754,31.548384
522,2,158,27.575216,0.7159005,0.4838475,29.636295
523,2,159,29.220074,0.66742426,0.023968901,30.865456
524,2,160,30.634054,0.6570424,2.2775874,32.29444
525,2,161,31.310038,0.6505295,1.2656461,32.596462
526,2,162,30.080027,0.68448734,0.8541593,32.04262
527,2,163,30.702833,0.61217797,0.16008374,32.378586
528,2,164,29.53849,0.66050917,1.1665165,32.117844
529,2,165,30.175594,0.65717167,1.8945786,31.62601
530,2,166,30.677748,0.64847815,0.20851745,32.283707
531,2,167,31.849743,0.59158254,0.50917023,33.240883
532,2,168,30.034678,0.61911404,0.1624613,32.456676
533,2,169,31.856602,0.5607643,3.469447e-15,33.57349
534,2,170,31.583954,0.5817434,0.23956403,33.48498
535,2,171,31.99248,0.5500165,0.28155792,33.690582
536,2,172,31.62288,0.5581144,0.11552002,33.556793
537,2,173,28.40378,0.6855599,5.9467287,32.350185
538,2,174,28.530922,0.7012378,0.5581876,31.016005
539,2,175,30.41598,0.6601481,11.692971,32.152042
540,2,176,27.916245,0.7089048,0.061524823,30.594236
541,2,177,29.307608,0.68258196,0.014084425,30.671618
542,2,178,29.600058,0.66312027,0.18207043,31.11359
543,2,179,30.154577,0.63960904,0.7306116,31.791748
544,2,180,27.115786,0.7935488,13.156852,28.693333
545,2,181,30.143703,0.6846434,1.0433885,31.06844
546,2,182,30.015722,0.66924477,18.643898,31.5111
547,2,183,27.22422,0.74236816,0.30998024,29.175646
548,2,184,29.685781,0.70184594,0.6202177,30.708395
549,2,185,26.079475,0.84193677,11.884053,29.318466
550,2,186,25.484488,0.83570355,11.028662,27.867796
551,2,187,28.47611,0.73039156,0.09294466,29.45044
552,2,188,29.843552,0.7107198,2.7629838,30.460117
553,2,189,27.852566,0.77235407,8.611685,29.84254
554,2,190,24.344418,0.8327553,1.541177,26.537388
555,2,191,27.07418,0.75352097,2.4748075,28.21752
556,2,192,28.005503,0.75555265,2.3787608,29.224981
557,2,193,27.222258,0.81076825,12.094373,28.84497
558,2,194,27.23371,0.7881592,6.5422897,28.384497
559,2,195,28.518393,0.7622208,2.6493733,29.465033
560,2,196,25.887854,0.82867396,4.6062427,28.585386
561,2,197,25.901878,0.8185089,3.9770937,27.250244
562,2,198,27.360533,0.7797466,0.93176275,28.287123
563,2,199,26.391602,0.78945976,0.16606146,27.819258
564,2,200,25.213509,0.8652548,10.111135,27.240364
565,2,201,25.498842,0.83684534,5.4465737,26.859016
566,2,202,26.160448,0.8078747,11.222962,27.712255
567,2,203,27.309841,0.76420784,0.06736754,28.134163
568,2,204,26.417173,0.84169835,10.653551,27.760658
569,2,205,26.133602,0.8275516,16.366304,27.447168
570,2,206,27.93796,0.74528784,0.3312575,28.445953
571,2,207,26.53512,0.8142615,2.1025832,28.683657
572,2,208,28.259605,0.7504704,0.37627998,29.007576
573,2,209,25.479578,0.8479252,9.208085,27.522394
574,2,210,27.074118,0.8196955,7.021066,28.120928
575,2,211,27.625587,0.78245366,1.537751,28.47615
576,2,212,27.770813,0.794649,5.542237,28.933817
577,2,213,26.670612,0.819505,4.954527,28.157064
578,2,214,26.735018,0.81524414,8.008779,27.924118
579,2,215,26.343119,0.80930656,0.26506436,27.184961
580,2,216,27.505913,0.76996297,0.7513098,27.991852
581,2,217,26.853987,0.8011579,3.522124,28.26567
582,2,218,25.875546,0.8634223,18.733225,27.296263
583,2,219,26.848465,0.7976076,1.1129595,27.47748
584,2,220,25.842619,0.8324506,9.414388,27.147903
585,2,221,26.62518,0.80877346,0.94585514,27.438814
586,2,222,26.122515,0.8126882,0.96837,27.341244
587,2,223,27.38676,0.7547422,0.61601573,27.969982
588,2,224,27.945879,0.7451369,0.96874577,28.332212
589,2,225,27.755852,0.7752593,0.8238786,28.972511
590,2,226,26.928036,0.8142665,6.65124,28.171993
591,2,227,27.730011,0.7823113,3.0119755,28.667747
592,2,228,26.66738,0.8040571,5.3394203,27.40969
593,2,229,26.30643,0.8077822,2.4471002,27.149714
594,2,230,27.095556,0.8100423,7.177784,28.061369
595,2,231,26.455969,0.8146324,8.846743,27.973814
596,2,232,25.578123,0.8614433,6.596247,26.142385
597,2,233,27.180525,0.77663493,0.842708,27.508448
598,2,234,24.816967,0.8683952,6.495274,26.549234
599,2,235,24.4566,0.8969641,19.989346,25.704128
600,2,236,25.352333,0.88079005,16.309385,25.888353
601,2,237,25.629642,0.82176805,2.629373,26.09545
602,2,238,25.823603,0.8400649,8.516975,26.344498
603,2,239,26.64621,0.82519156,13.791892,26.92037
604,2,240,25.199808,0.87343377,9.773718,26.718344
605,2,241,25.384405,0.8638667,3.9597876,26.308014
606,2,242,25.877022,0.8475179,1.8999177,27.004395
607,2,243,27.939585,0.7590236,1.7876123,28.41351
608,2,244,27.392794,0.7943552,4.834186,28.258556
609,2,245,26.393827,0.8011067,6.0735707,27.578753
610,2,246,27.145588,0.8076225,3.2059624,28.03614
611,2,247,25.995987,0.8308972,1.7290128,28.24079
612,2,248,27.82941,0.741851,0.3068346,28.424965
613,2,249,28.374992,0.7324596,1.6778716,28.972464
614,2,250,26.623087,0.8206423,4.5625424,28.588299
615,2,251,26.473495,0.8214668,1.5874792,28.17053
616,2,252,25.766943,0.84493625,0.8460148,27.620962
617,2,253,27.298716,0.8103507,0.640186,28.674093
618,2,254,28.187904,0.7661116,0.5559769,29.0936
619,2,255,26.93577,0.8085492,8.949825,28.495783
620,2,256,27.8382,0.81106895,1.5653292,28.81482
621,2,257,28.57057,0.7717409,0.2991743,29.296507
622,2,258,24.533577,0.85512066,21.899685,27.152985
623,2,259,26.908037,0.8064395,6.9354253,27.833965
624,2,260,25.623825,0.87615114,3.85602,28.122923
625,2,261,27.086987,0.81182814,6.426726,27.831589
626,2,262,26.465721,0.8298226,8.430805,28.109552
627,2,263,27.947054,0.7690349,0.21473917,28.858942
628,2,264,28.829868,0.7830284,1.4374093,29.732746
629,2,265,28.267351,0.77503514,2.6911278,29.157913
630,2,266,28.159098,0.7792097,0.22135665,29.336855
631,2,267,28.900324,0.7871381,2.974008,29.8856
632,2,268,29.355827,0.7627669,1.2725646,30.091307
633,2,269,29.230356,0.7416912,0.049086235,29.901733
634,2,270,28.081316,0.7695501,1.3853495,29.510284
635,2,271,27.632368,0.750977,0.24459624,29.024542
636,2,272,29.302633,0.725767,0.78496796,30.25137
637,2,273,29.08791,0.7017071,1.8984349,30.054764
638,2,274,26.756826,0.7935892,13.22402,28.200426
639,2,275,26.555182,0.8075267,0.26082537,27.796473
640,2,276,28.108664,0.7701973,0.7188544,29.072018
641,2,277,27.83428,0.7452443,5.3727384,29.014578
642,2,278,26.857986,0.79486257,9.347208,28.668776
643,2,279,26.473507,0.8376946,6.553698,28.374868
644,2,280,28.229267,0.76395553,0.687482,28.678028
645,2,281,25.750526,0.7888091,0.3236333,27.164013
646,2,282,26.625793,0.8060956,22.08185,27.903732
647,2,283,25.444555,0.8553855,13.115534,27.144089
648,2,284,25.20097,0.88448405,20.788807,26.64358
649,2,285,24.956001,0.8431173,2.738943,26.052925
650,2,286,26.414867,0.813982,7.0918727,27.072311
651,2,287,28.545073,0.74411196,0.14104857,28.624447
652,2,288,28.300234,0.7667031,3.945649,28.71796
653,2,289,28.870853,0.7207431,0.0023661333,29.200666
654,2,290,27.953836,0.7470539,0.4203606,28.613556
655,2,291,29.55577,0.7000871,0.028428322,29.804544
656,2,292,28.540026,0.7525815,2.13225,29.653292
657,2,293,26.045296,0.7971111,0.07471947,27.507746
658,2,294,26.906681,0.8000955,2.4663863,27.586187
659,2,295,28.394579,0.754648,0.05749923,29.015867
660,2,296,29.124296,0.72402436,0.033909842,29.728212
661,2,297,29.162415,0.7161331,0.37391734,29.971119
662,2,298,29.584888,0.64235806,0.0,29.9878
663,2,299,29.733114,0.6172346,0.036324102,30.07615
664,2,300,28.58558,0.73881257,4.993338,29.641418
665,2,301,28.694788,0.7224417,2.8904064,29.494753
666,2,302,28.335573,0.6698767,2.7655118,29.517729
667,2,303,28.736408,0.63777006,1.8063973,29.503391
668,2,304,28.112898,0.73001504,0.29013386,28.868996
669,2,305,28.887487,0.65550184,0.025161574,29.53985
670,2,306,29.60346,0.57803756,0.001378828,30.107557
671,2,307,28.955706,0.59960055,0.068269856,29.571815
672,2,308,29.398092,0.5855027,0.0,30.355053
673,2,309,29.583029,0.4875598,0.0,29.947037
674,2,310,29.609,0.46523544,3.469447e-15,30.429543
675,2,311,30.158676,0.46921542,7.979728e-14,30.884872
676,2,312,30.374634,0.48682955,0.0,31.354828
677,2,313,30.242186,0.45701563,0.0,31.410088
678,2,314,30.241562,0.43940356,0.0,31.440678
679,2,315,30.103622,0.45420915,0.0,31.321127
680,2,316,29.930548,0.33515418,0.0,30.790205
681,2,317,28.603033,0.3529478,0.0,29.583
682,2,318,28.038916,0.26360473,0.0,28.849228
683,2,319,28.693617,0.30796275,6.938894e-15,29.027346
684,2,320,29.659792,0.34046787,1.5959456e-13,29.836155
685,2,321,29.38478,0.29772925,0.0,29.689453
686,2,322,29.407736,0.2810736,0.0,29.553978
687,2,323,29.256063,0.27431276,0.0,29.061964
688,2,324,28.297977,0.26741776,0.0,28.867676
689,2,325,29.253246,0.26490873,0.0,28.939953
690,2,326,28.898695,0.32870206,3.469447e-15,28.43989
691,2,327,29.761671,0.34034786,7.979728e-14,28.953215
692,2,328,29.738747,0.34159076,0.0,29.141682
693,2,329,29.812305,0.33098677,3.469447e-15,29.458017
694,2,330,29.739595,0.30390605,7.979728e-14,29.441513
695,2,331,29.45024,0.3157678,0.0,28.923061
696,2,332,29.92678,0.36626688,0.0,29.249817
697,2,333,28.863056,0.27254185,0.0,28.615898
698,2,334,28.54886,0.21574715,0.0,28.528992
699,2,335,28.214287,0.25232008,0.0,28.40072
700,2,336,28.006516,0.25820214,0.0,28.135937
701,2,337,27.485445,0.28412366,0.0,27.57106
702,2,338,27.215986,0.29241884,3.469447e-15,27.709604
703,2,339,26.861858,0.25812674,7.979728e-14,27.606043
704,2,340,26.76555,0.26077518,0.0,26.714231
705,2,341,27.172556,0.33505037,0.0,27.276672
706,2,342,26.625591,0.29220092,0.0,27.284328
707,2,343,26.670965,0.26799074,0.0,27.378513
708,2,344,26.43974,0.2915188,0.0,26.971878
709,2,345,26.732155,0.24219805,0.0,27.076708
710,2,346,26.624292,0.23142768,0.0,26.866034
711,2,347,26.52839,0.22484276,0.0,26.7313
712,2,348,26.418827,0.19748273,0.0,26.881472
713,2,349,26.080881,0.18089789,0.0,26.649641
714,2,350,26.50871,0.19594833,0.0,26.933317
715,2,351,27.465546,0.20087019,0.0,27.230484
716,2,352,27.093912,0.21593401,0.0,27.62589
717,2,353,27.395088,0.26291153,3.469447e-15,27.924
718,2,354,27.558895,0.24390055,7.979728e-14,28.117441
719,2,355,26.87007,0.2200491,0.0,27.636505
720,2,356,27.055964,0.18375549,0.0,27.179962
721,2,357,26.956938,0.19588059,0.0,27.127586
722,2,358,25.718834,0.19600993,3.469447e-15,26.336824
723,2,359,25.319744,0.17474264,7.979728e-14,26.35809
724,2,360,25.401794,0.19239618,0.0,26.175573
725,2,361,25.705547,0.22233433,0.0,26.260155
726,2,362,26.078861,0.24303877,0.0,26.617903
727,2,363,25.956047,0.22317077,6.938894e-15,26.48285
728,2,364,25.499245,0.20343795,1.63064e-13,25.996435
729,2,365,24.769257,0.19647917,7.979728e-14,25.38943
730,3,1,25.16079,0.23364668,3.469447e-15,25.462702
731,3,2,24.540129,0.23746802,7.979728e-14,25.422258
732,3,3,24.122599,0.24087174,0.0,25.097021
733,3,4,23.934708,0.21600886,0.0,24.722015
734,3,5,23.956753,0.20797263,3.469447e-15,24.68328
735,3,6,23.886179,0.20995688,7.979728e-14,24.511099
736,3,7,24.746534,0.20241717,0.0,25.280247
737,3,8,24.387169,0.1966876,0.0,25.309864
738,3,9,24.679972,0.21499805,0.0,25.780613
739,3,10,24.978285,0.24620675,0.0,26.10191
740,3,11,26.574121,0.2257857,0.0,27.107296
741,3,12,27.949251,0.18182974,0.0,27.938557
742,3,13,27.318417,0.1699005,1.7347235e-15,27.550652
743,3,14,26.462593,0.18108079,3.989864e-14,26.896828
744,3,15,26.488726,0.19745241,0.0,26.998081
745,3,16,27.063242,0.20101175,0.0,27.48441
746,3,17,27.617693,0.22552189,0.0,27.138172
747,3,18,28.34146,0.27331483,3.469447e-15,27.44056
748,3,19,27.333012,0.17062172,7.979728e-14,27.730188
749,3,20,24.44989,0.17260954,0.0,26.2149
750,3,21,24.612856,0.19576013,0.0,25.735895
751,3,22,25.403584,0.18634215,0.0,26.41514
752,3,23,24.675482,0.17192653,0.0,25.989296
753,3,24,25.041687,0.21621944,0.0,26.110558
754,3,25,26.084183,0.24175096,0.0,26.962318
755,3,26,25.957024,0.18792188,3.469447e-15,26.763802
756,3,27,25.30968,0.17368735,7.979728e-14,26.227905
757,3,28,26.233776,0.18617213,0.0,26.969694
758,3,29,26.329605,0.17977858,0.0,27.025307
759,3,30,26.606455,0.18436342,0.0,27.224457
760,3,31,27.68524,0.18536024,0.0,27.926271
761,3,32,28.180975,0.18038112,0.0,28.489672
762,3,33,28.481382,0.1748952,0.0,28.333584
763,3,34,28.579731,0.27397865,0.0,29.280502
764,3,35,29.279963,0.19213672,3.469447e-15,29.838299
765,3,36,27.261158,0.1892067,8.326673e-14,28.384977
766,3,37,27.46587,0.16522267,7.979728e-14,28.0967
767,3,38,27.281422,0.16950238,3.469447e-15,28.346874
768,3,39,26.684042,0.15230595,7.979728e-14,27.731224
769,3,40,26.546633,0.14486071,3.469447e-15,27.698658
770,3,41,25.76153,0.1463163,7.979728e-14,26.98467
771,3,42,25.959253,0.16098428,0.0,27.182722
772,3,43,26.000101,0.16639836,0.0,27.0399
773,3,44,26.391762,0.17669703,3.469447e-15,27.22322
774,3,45,27.387133,0.17634368,7.979728e-14,27.945705
775,3,46,27.044973,0.16000482,0.0,28.233177
776,3,47,26.637465,0.16655803,0.0,28.10296
777,3,48,27.565702,0.19201516,0.0,28.717173
778,3,49,28.65097,0.19209416,0.0,29.53492
779,3,50,28.982466,0.15753217,0.0,30.050941
780,3,51,28.858496,0.23350145,3.469447e-15,29.444948
781,3,52,30.191832,0.17387144,7.979728e-14,30.774149
782,3,53,29.055243,0.14249174,0.0,30.14508
783,3,54,27.890858,0.13827385,0.0,29.290434
784,3,55,26.944975,0.16618265,0.0,28.926678
785,3,56,27.918688,0.157262,0.0,29.305685
786,3,57,27.416964,0.14670089,0.0,29.224232
787,3,58,26.759523,0.14665128,0.0,28.526264
788,3,59,25.475792,0.16084637,0.00058192865,27.540737
789,3,60,24.675413,0.1692259,0.00058192865,26.95578
790,3,61,26.078512,0.17054325,0.0,27.753658
791,3,62,27.579105,0.1653568,0.0,28.708748
792,3,63,28.667484,0.17273313,0.0,29.687603
793,3,64,29.695559,0.15967602,0.0,30.647177
794,3,65,29.254732,0.17616336,0.0,30.507784
795,3,66,30.502966,0.15319303,0.0,30.634846
796,3,67,30.000502,0.19560991,0.0,30.93535
797,3,68,28.94759,0.143757,3.469447e-15,31.10877
798,3,69,29.430996,0.15841572,7.979728e-14,30.313251
799,3,70,31.14376,0.11876379,0.0,31.945034
800,3,71,31.198797,0.1344763,3.469447e-15,32.0826
801,3,72,31.45191,0.15186848,7.979728e-14,32.753563
802,3,73,32.052326,0.148288,0.0,32.774445
803,3,74,32.74218,0.1294933,0.0,33.35853
804,3,75,33.427856,0.22947134,0.0006386546,34.108654
805,3,76,31.38905,0.45777193,0.029736644,33.580196
806,3,77,33.189953,0.38970566,0.1925827,34.69017
807,3,78,33.23197,0.34912765,0.22876748,34.831707
808,3,79,33.311733,0.3613178,0.23336552,35.101974
809,3,80,33.32993,0.1640291,0.0,35.15778
810,3,81,31.964281,0.1509221,0.0,33.769135
811,3,82,31.435083,0.13364759,0.0,33.120926
812,3,83,33.07706,0.15837303,0.0,33.667084
813,3,84,33.671967,0.26417086,0.036445137,34.950832
814,3,85,32.204845,0.47063702,1.8268836,34.528942
815,3,86,29.547873,0.5803815,0.8047464,31.822987
816,3,87,32.349236,0.25654447,7.979728e-14,33.12938
817,3,88,33.65057,0.23235586,0.0,33.798798
818,3,89,34.07677,0.34282893,0.0,35.12084
819,3,90,32.83137,0.43494698,0.20000936,34.547253
820,3,91,33.352882,0.41280213,0.1774779,35.303562
821,3,92,34.905178,0.34136865,3.469447e-15,36.258923
822,3,93,34.66178,0.35568595,7.979728e-14,35.998856
823,3,94,35.662548,0.3801495,0.0,37.048306
824,3,95,33.65654,0.43111205,2.9651237,35.448746
825,3,96,34.666172,0.34876195,0.0,36.406033
826,3,97,34.41719,0.19280255,0.0,36.086163
827,3,98,33.40599,0.17583463,0.0,35.46267
828,3,99,33.522545,0.14336595,0.0,35.397068
829,3,100,33.521297,0.1711126,3.469447e-15,35.619328
830,3,101,33.36815,0.15735343,8.326673e-14,34.86033
831,3,102,33.073753,0.39816743,0.04702946,35.139187
832,3,103,33.782757,0.20061468,0.0019863693,35.24738
833,3,104,33.358765,0.236482,7.979728e-14,35.220913
834,3,105,33.319653,0.31354347,0.0026487154,35.418373
835,3,106,35.449837,0.23772372,0.0027362928,36.76991
836,3,107,34.680782,0.33377975,0.0006444902,36.7244
837,3,108,35.519043,0.2964554,0.0,37.26607
838,3,109,35.273994,0.3653265,0.015488109,37.682007
839,3,110,33.99884,0.4047003,0.14617038,36.559254
840,3,111,33.059002,0.44176292,0.5778076,35.930893
841,3,112,34.60581,0.398432,0.17413974,36.58925
842,3,113,30.565395,0.5504403,0.16149104,34.71654
843,3,114,30.006168,0.6031975,0.3385361,32.723003
844,3,115,33.242916,0.4909397,0.038926948,34.84893
845,3,116,35.41221,0.33526042,0.012474618,36.934803
846,3,117,35.513504,0.40011415,0.36932263,37.646336
847,3,118,34.340748,0.46808046,1.321673,37.028862
848,3,119,33.801643,0.42349163,0.0,36.608074
849,3,120,34.72734,0.45267433,0.016193734,37.549595
850,3,121,34.574726,0.46106756,0.0011719776,37.409615
851,3,122,34.66642,0.46022514,0.91868824,37.444546
852,3,123,33.800323,0.50055003,0.2675414,37.3803
853,3,124,28.993807,0.6640649,17.666615,32.160538
854,3,125,32.71037,0.4856172,0.0,33.38171
855,3,126,34.788494,0.4552479,3.469447e-15,35.209507
856,3,127,34.282066,0.49455315,0.067122824,35.790028
857,3,128,33.04749,0.4921791,0.0,34.87408
858,3,129,33.92526,0.48031652,0.0006963847,35.67957
859,3,130,33.006744,0.50135636,0.1652467,35.37193
860,3,131,31.212297,0.58489794,2.1854162,33.696934
861,3,132,32.673748,0.52935404,0.74630016,34.595703
862,3,133,31.343056,0.5638276,5.7720356,33.915405
863,3,134,32.275074,0.5134489,0.28673193,33.903954
864,3,135,30.554718,0.59024006,0.26703116,32.80154
865,3,136,31.317566,0.55131084,0.23079138,33.324738
866,3,137,32.938736,0.52368104,0.42005387,34.613598
867,3,138,33.004814,0.4781702,0.012393473,35.058826
868,3,139,33.11053,0.50140154,3.1191857,35.53248
869,3,140,31.607866,0.5065618,0.11326731,33.924965
870,3,141,30.869467,0.60887045,7.234936,33.74689
871,3,142,31.041376,0.5858031,0.95082206,32.97981
872,3,143,31.90497,0.5629242,2.6054695,33.80215
873,3,144,28.044638,0.70442927,3.131836,30.944223
874,3,145,28.891552,0.6823446,0.6734504,31.10197
875,3,146,31.932268,0.54339087,0.25912565,32.744747
876,3,147,32.63368,0.5602921,0.40398687,33.850338
877,3,148,31.963573,0.582258,0.44750375,33.436707
878,3,149,31.420383,0.5468308,0.087560594,33.345303
879,3,150,32.648064,0.54110026,0.057253115,34.550808
880,3,151,30.999264,0.5834888,0.23139983,33.627148
881,3,152,27.787985,0.6868269,0.8758258,31.615038
882,3,153,28.299852,0.69856447,0.1983205,30.005058
883,3,154,30.497524,0.65471786,1.970736,32.27959
884,3,155,31.09152,0.6234067,0.30698207,33.030262
885,3,156,30.991835,0.62424153,2.3750296,33.022236
886,3,157,28.654913,0.68682355,0.87072754,31.548384
887,3,158,27.575216,0.7159005,0.4838475,29.636295
888,3,159,29.220074,0.66742426,0.023968901,30.865456
889,3,160,30.634054,0.6570424,2.2775874,32.29444
890,3,161,31.310038,0.6505295,1.2656461,32.596462
891,3,162,30.080027,0.68448734,0.8541593,32.04262
892,3,163,30.702833,0.61217797,0.16008374,32.378586
893,3,164,29.53849,0.66050917,1.1665165,32.117844
894,3,165,30.175594,0.65717167,1.8945786,31.62601
895,3,166,30.677748,0.64847815,0.20851745,32.283707
896,3,167,31.849743,0.59158254,0.50917023,33.240883
897,3,168,30.034678,0.61911404,0.1624613,32.456676
898,3,169,31.856602,0.5607643,3.469447e-15,33.57349
899,3,170,31.583954,0.5817434,0.23956403,33.48498
900,3,171,31.99248,0.5500165,0.28155792,33.690582
901,3,172,31.62288,0.5581144,0.11552002,33.556793
902,3,173,28.40378,0.6855599,5.9467287,32.350185
903,3,174,28.530922,0.7012378,0.5581876,31.016005
904,3,175,30.41598,0.6601481,11.692971,32.152042
905,3,176,27.916245,0.7089048,0.061524823,30.594236
906,3,177,29.307608,0.68258196,0.014084425,30.671618
907,3,178,29.600058,0.66312027,0.18207043,31.11359
908,3,179,30.154577,0.63960904,0.7306116,31.791748
909,3,180,27.115786,0.7935488,13.156852,28.693333
910,3,181,30.143703,0.6846434,1.0433885,31.06844
911,3,182,30.015722,0.66924477,18.643898,31.5111
912,3,183,27.22422,0.74236816,0.30998024,29.175646
913,3,184,29.685781,0.70184594,0.6202177,30.708395
914,3,185,26.079475,0.84193677,11.884053,29.318466
915,3,186,25.484488,0.83570355,11.028662,27.867796
916,3,187,28.47611,0.73039156,0.09294466,29.45044
917,3,188,29.843552,0.7107198,2.7629838,30.460117
918,3,189,27.852566,0.77235407,8.611685,29.84254
919,3,190,24.344418,0.8327553,1.541177,26.537388
920,3,191,27.07418,0.75352097,2.4748075,28.21752
921,3,192,28.005503,0.75555265,2.3787608,29.224981
922,3,193,27.222258,0.81076825,12.094373,28.84497
923,3,194,27.23371,0.7881592,6.5422897,28.384497
924,3,195,28.518393,0.7622208,2.6493733,29.465033
925,3,196,25.887854,0.82867396,4.6062427,28.585386
926,3,197,25.901878,0.8185089,3.9770937,27.250244
927,3,198,27.360533,0.7797466,0.93176275,28.287123
928,3,199,26.391602,0.78945976,0.16606146,27.819258
929,3,200,25.213509,0.8652548,10.111135,27.240364
930,3,201,25.498842,0.83684534,5.4465737,26.859016
931,3,202,26.160448,0.8078747,11.222962,27.712255
932,3,203,27.309841,0.76420784,0.06736754,28.134163
933,3,204,26.417173,0.84169835,10.653551,27.760658
934,3,205,26.133602,0.8275516,16.366304,27.447168
935,3,206,27.93796,0.74528784,0.3312575,28.445953
936,3,207,26.53512,0.8142615,2.1025832,28.683657
937,3,208,28.259605,0.7504704,0.37627998,29.007576
938,3,209,25.479578,0.8479252,9.208085,27.522394
939,3,210,27.074118,0.8196955,7.021066,28.120928
940,3,211,27.625587,0.78245366,1.537751,28.47615
941,3,212,27.770813,0.794649,5.542237,28.933817
942,3,213,26.670612,0.819505,4.954527,28.157064
943,3,214,26.735018,0.81524414,8.008779,27.924118
944,3,215,26.343119,0.80930656,0.26506436,27.184961
945,3,216,27.505913,0.76996297,0.7513098,27.991852
946,3,217,26.853987,0.8011579,3.522124,28.26567
947,3,218,25.875546,0.8634223,18.733225,27.296263
948,3,219,26.848465,0.7976076,1.1129595,27.47748
949,3,220,25.842619,0.8324506,9.414388,27.147903
950,3,221,26.62518,0.80877346,0.94585514,27.438814
951,3,222,26.122515,0.8126882,0.96837,27.341244
952,3,223,27.38676,0.7547422,0.61601573,27.969982
953,3,224,27.945879,0.7451369,0.96874577,28.332212
954,3,225,27.755852,0.7752593,0.8238786,28.972511
955,3,226,26.928036,0.8142665,6.65124,28.171993
956,3,227,27.730011,0.7823113,3.0119755,28.667747
957,3,228,26.66738,0.8040571,5.3394203,27.40969
958,3,229,26.30643,0.8077822,2.4471002,27.149714
959,3,230,27.095556,0.8100423,7.177784,28.061369
960,3,231,26.455969,0.8146324,8.846743,27.973814
961,3,232,25.578123,0.8614433,6.596247,26.142385
962,3,233,27.180525,0.77663493,0.842708,27.508448
963,3,234,24.816967,0.8683952,6.495274,26.549234
964,3,235,24.4566,0.8969641,19.989346,25.704128
965,3,236,25.352333,0.88079005,16.309385,25.888353
966,3,237,25.629642,0.82176805,2.629373,26.09545
967,3,238,25.823603,0.8400649,8.516975,26.344498
968,3,239,26.64621,0.82519156,13.791892,26.92037
969,3,240,25.199808,0.87343377,9.773718,26.718344
970,3,241,25.384405,0.8638667,3.9597876,26.308014
971,3,242,25.877022,0.8475179,1.8999177,27.004395
972,3,243,27.939585,0.7590236,1.7876123,28.41351
973,3,244,27.392794,0.7943552,4.834186,28.258556
974,3,245,26.393827,0.8011067,6.0735707,27.578753
975,3,246,27.145588,0.8076225,3.2059624,28.03614
976,3,247,25.995987,0.8308972,1.7290128,28.24079
977,3,248,27.82941,0.741851,0.3068346,28.424965
978,3,249,28.374992,0.7324596,1.6778716,28.972464
979,3,250,26.623087,0.8206423,4.5625424,28.588299
980,3,251,26.473495,0.8214668,1.5874792,28.17053
981,3,252,25.766943,0.84493625,0.8460148,27.620962
982,3,253,27.298716,0.8103507,0.640186,28.674093
983,3,254,28.187904,0.7661116,0.5559769,29.0936
984,3,255,26.93577,0.8085492,8.949825,28.495783
985,3,256,27.8382,0.81106895,1.5653292,28.81482
986,3,257,28.57057,0.7717409,0.2991743,29.296507
987,3,258,24.533577,0.85512066,21.899685,27.152985
988,3,259,26.908037,0.8064395,6.9354253,27.833965
989,3,260,25.623825,0.87615114,3.85602,28.122923
990,3,261,27.086987,0.81182814,6.426726,27.831589
991,3,262,26.465721,0.8298226,8.430805,28.109552
992,3,263,27.947054,0.7690349,0.21473917,28.858942
993,3,264,28.829868,0.7830284,1.4374093,29.732746
994,3,265,28.267351,0.77503514,2.6911278,29.157913
995,3,266,28.159098,0.7792097,0.22135665,29.336855
996,3,267,28.900324,0.7871381,2.974008,29.8856
997,3,268,29.355827,0.7627669,1.2725646,30.091307
998,3,269,29.230356,0.7416912,0.049086235,29.901733
999,3,270,28.081316,0.7695501,1.3853495,29.510284
1000,3,271,27.632368,0.750977,0.24459624,29.024542
1001,3,272,29.302633,0.725767,0.78496796,30.25137
1002,3,273,29.08791,0.7017071,1.8984349,30.054764
1003,3,274,26.756826,0.7935892,13.22402,28.200426
1004,3,275,26.555182,0.8075267,0.26082537,27.796473
1005,3,276,28.108664,0.7701973,0.7188544,29.072018
1006,3,277,27.83428,0.7452443,5.3727384,29.014578
1007,3,278,26.857986,0.79486257,9.347208,28.668776
1008,3,279,26.473507,0.8376946,6.553698,28.374868
1009,3,280,28.229267,0.76395553,0.687482,28.678028
1010,3,281,25.750526,0.7888091,0.3236333,27.164013
1011,3,282,26.625793,0.8060956,22.08185,27.903732
1012,3,283,25.444555,0.8553855,13.115534,27.144089
1013,3,284,25.20097,0.88448405,20.788807,26.64358
1014,3,285,24.956001,0.8431173,2.738943,26.052925
1015,3,286,26.414867,0.813982,7.0918727,27.072311
1016,3,287,28.545073,0.74411196,0.14104857,28.624447
1017,3,288,28.300234,0.7667031,3.945649,28.71796
1018,3,289,28.870853,0.7207431,0.0023661333,29.200666
1019,3,290,27.953836,0.7470539,0.4203606,28.613556
1020,3,291,29.55577,0.7000871,0.028428322,29.804544
1021,3,292,28.540026,0.7525815,2.13225,29.653292
1022,3,293,26.045296,0.7971111,0.07471947,27.507746
1023,3,294,26.906681,0.8000955,2.4663863,27.586187
1024,3,295,28.394579,0.754648,0.05749923,29.015867
1025,3,296,29.124296,0.72402436,0.033909842,29.728212
1026,3,297,29.162415,0.7161331,0.37391734,29.971119
1027,3,298,29.584888,0.64235806,0.0,29.9878
1028,3,299,29.733114,0.6172346,0.036324102,30.07615
1029,3,300,28.58558,0.73881257,4.993338,29.641418
1030,3,301,28.694788,0.7224417,2.8904064,29.494753
1031,3,302,28.335573,0.6698767,2.7655118,29.517729
1032,3,303,28.736408,0.63777006,1.8063973,29.503391
1033,3,304,28.112898,0.73001504,0.29013386,28.868996
1034,3,305,28.887487,0.65550184,0.025161574,29.53985
1035,3,306,29.60346,0.57803756,0.001378828,30.107557
1036,3,307,28.955706,0.59960055,0.068269856,29.571815
1037,3,308,29.398092,0.5855027,0.0,30.355053
1038,3,309,29.583029,0.4875598,0.0,29.947037
1039,3,310,29.609,0.46523544,3.469447e-15,30.429543
1040,3,311,30.158676,0.46921542,7.979728e-14,30.884872
1041,3,312,30.374634,0.48682955,0.0,31.354828
1042,3,313,30.242186,0.45701563,0.0,31.410088
1043,3,314,30.241562,0.43940356,0.0,31.440678
1044,3,315,30.103622,0.45420915,0.0,31.321127
1045,3,316,29.930548,0.33515418,0.0,30.790205
1046,3,317,28.603033,0.3529478,0.0,29.583
1047,3,318,28.038916,0.26360473,0.0,28.849228
1048,3,319,28.693617,0.30796275,6.938894e-15,29.027346
1049,3,320,29.659792,0.34046787,1.5959456e-13,29.836155
1050,3,321,29.38478,0.29772925,0.0,29.689453
1051,3,322,29.407736,0.2810736,0.0,29.553978
1052,3,323,29.256063,0.27431276,0.0,29.061964
1053,3,324,28.297977,0.26741776,0.0,28.867676
1054,3,325,29.253246,0.26490873,0.0,28.939953
1055,3,326,28.898695,0.32870206,3.469447e-15,28.43989
1056,3,327,29.761671,0.34034786,7.979728e-14,28.953215
1057,3,328,29.738747,0.34159076,0.0,29.141682
1058,3,329,29.812305,0.33098677,3.469447e-15,29.458017
1059,3,330,29.739595,0.30390605,7.979728e-14,29.441513
1060,3,331,29.45024,0.3157678,0.0,28.923061
1061,3,332,29.92678,0.36626688,0.0,29.249817
1062,3,333,28.863056,0.27254185,0.0,28.615898
1063,3,334,28.54886,0.21574715,0.0,28.528992
1064,3,335,28.214287,0.25232008,0.0,28.40072
1065,3,336,28.006516,0.25820214,0.0,28.135937
1066,3,337,27.485445,0.28412366,0.0,27.57106
1067,3,338,27.215986,0.29241884,3.469447e-15,27.709604
1068,3,339,26.861858,0.25812674,7.979728e-14,27.606043
1069,3,340,26.76555,0.26077518,0.0,26.714231
1070,3,341,27.172556,0.33505037,0.0,27.276672
1071,3,342,26.625591,0.29220092,0.0,27.284328
1072,3,343,26.670965,0.26799074,0.0,27.378513
1073,3,344,26.43974,0.2915188,0.0,26.971878
1074,3,345,26.732155,0.24219805,0.0,27.076708
1075,3,346,26.624292,0.23142768,0.0,26.866034
1076,3,347,26.52839,0.22484276,0.0,26.7313
1077,3,348,26.418827,0.19748273,0.0,26.881472
1078,3,349,26.080881,0.18089789,0.0,26.649641
1079,3,350,26.50871,0.19594833,0.0,26.933317
1080,3,351,27.465546,0.20087019,0.0,27.230484
1081,3,352,27.093912,0.21593401,0.0,27.62589
1082,3,353,27.395088,0.26291153,3.469447e-15,27.924
1083,3,354,27.558895,0.24390055,7.979728e-14,28.117441
1084,3,355,26.87007,0.2200491,0.0,27.636505
1085,3,356,27.055964,0.18375549,0.0,27.179962
1086,3,357,26.956938,0.19588059,0.0,27.127586
1087,3,358,25.718834,0.19600993,3.469447e-15,26.336824
1088,3,359,25.319744,0.17474264,7.979728e-14,26.35809
1089,3,360,25.401794,0.19239618,0.0,26.175573
1090,3,361,25.705547,0.22233433,0.0,26.260155
1091,3,362,26.078861,0.24303877,0.0,26.617903
1092,3,363,25.956047,0.22317077,6.938894e-15,26.48285
1093,3,364,25.499245,0.20343795,1.63064e-13,25.996435
1094,3,365,24.769257,0.19647917,7.979728e-14,25.38943
1095,17,1,25.16079,0.23364668,3.469447e-15,25.462702
1096,17,2,24.540129,0.23746802,7.979728e-14,25.422258
1097,17,3,24.122599,0.24087174,0.0,25.097021
1098,17,4,23.934708,0.21600886,0.0,24.722015
1099,17,5,23.956753,0.20797263,3.469447e-15,24.68328
1100,17,6,23.886179,0.20995688,7.979728e-14,24.511099
1101,17,7,24.746534,0.20241717,0.0,25.280247
1102,17,8,24.387169,0.1966876,0.0,25.309864
1103,17,9,24.679972,0.21499805,0.0,25.780613
1104,17,10,24.978285,0.24620675,0.0,26.10191
1105,17,11,26.574121,0.2257857,0.0,27.107296
1106,17,12,27.949251,0.18182974,0.0,27.938557
1107,17,13,27.318417,0.1699005,1.7347235e-15,27.550652
1108,17,14,26.462593,0.18108079,3.989864e-14,26.896828
1109,17,15,26.488726,0.19745241,0.0,26.998081
1110,17,16,27.063242,0.20101175,0.0,27.48441
1111,17,17,27.617693,0.22552189,0.0,27.138172
1112,17,18,28.34146,0.27331483,3.469447e-15,27.44056
1113,17,19,27.333012,0.17062172,7.979728e-14,27.730188
1114,17,20,24.44989,0.17260954,0.0,26.2149
1115,17,21,24.612856,0.19576013,0.0,25.735895
1116,17,22,25.403584,0.18634215,0.0,26.41514
1117,17,23,24.675482,0.17192653,0.0,25.989296
1118,17,24,25.041687,0.21621944,0.0,26.110558
1119,17,25,26.084183,0.24175096,0.0,26.962318
1120,17,26,25.957024,0.18792188,3.469447e-15,26.763802
1121,17,27,25.30968,0.17368735,7.979728e-14,26.227905
1122,17,28,26.233776,0.18617213,0.0,26.969694
1123,17,29,26.329605,0.17977858,0.0,27.025307
1124,17,30,26.606455,0.18436342,0.0,27.224457
1125,17,31,27.68524,0.18536024,0.0,27.926271
1126,17,32,28.180975,0.18038112,0.0,28.489672
1127,17,33,28.481382,0.1748952,0.0,28.333584
1128,17,34,28.579731,0.27397865,0.0,29.280502
1129,17,35,29.279963,0.19213672,3.469447e-15,29.838299
1130,17,36,27.261158,0.1892067,8.326673e-14,28.384977
1131,17,37,27.46587,0.16522267,7.979728e-14,28.0967
1132,17,38,27.281422,0.16950238,3.469447e-15,28.346874
1133,17,39,26.684042,0.15230595,7.979728e-14,27.731224
1134,17,40,26.546633,0.14486071,3.469447e-15,27.698658
1135,17,41,25.76153,0.1463163,7.979728e-14,26.98467
1136,17,42,25.959253,0.16098428,0.0,27.182722
1137,17,43,26.000101,0.16639836,0.0,27.0399
1138,17,44,26.391762,0.17669703,3.469447e-15,27.22322
1139,17,45,27.387133,0.17634368,7.979728e-14,27.945705
1140,17,46,27.044973,0.16000482,0.0,28.233177
1141,17,47,26.637465,0.16655803,0.0,28.10296
1142,17,48,27.565702,0.19201516,0.0,28.717173
1143,17,49,28.65097,0.19209416,0.0,29.53492
1144,17,50,28.982466,0.15753217,0.0,30.050941
1145,17,51,28.858496,0.23350145,3.469447e-15,29.444948
1146,17,52,30.191832,0.17387144,7.979728e-14,30.774149
1147,17,53,29.055243,0.14249174,0.0,30.14508
1148,17,54,27.890858,0.13827385,0.0,29.290434
1149,17,55,26.944975,0.16618265,0.0,28.926678
1150,17,56,27.918688,0.157262,0.0,29.305685
1151,17,57,27.416964,0.14670089,0.0,29.224232
1152,17,58,26.759523,0.14665128,0.0,28.526264
1153,17,59,25.475792,0.16084637,0.00058192865,27.540737
1154,17,60,24.675413,0.1692259,0.00058192865,26.95578
1155,17,61,26.078512,0.17054325,0.0,27.753658
1156,17,62,27.579105,0.1653568,0.0,28.708748
1157,17,63,28.667484,0.17273313,0.0,29.687603
1158,17,64,29.695559,0.15967602,0.0,30.647177
1159,17,65,29.254732,0.17616336,0.0,30.507784
1160,17,66,30.502966,0.15319303,0.0,30.634846
1161,17,67,30.000502,0.19560991,0.0,30.93535
1162,17,68,28.94759,0.143757,3.469447e-15,31.10877
1163,17,69,29.430996,0.15841572,7.979728e-14,30.313251
1164,17,70,31.14376,0.11876379,0.0,31.945034
1165,17,71,31.198797,0.1344763,3.469447e-15,32.0826
1166,17,72,31.45191,0.15186848,7.979728e-14,32.753563
1167,17,73,32.052326,0.148288,0.0,32.774445
1168,17,74,32.74218,0.1294933,0.0,33.35853
1169,17,75,33.427856,0.22947134,0.0006386546,34.108654
1170,17,76,31.38905,0.45777193,0.029736644,33.580196
1171,17,77,33.189953,0.38970566,0.1925827,34.69017
1172,17,78,33.23197,0.34912765,0.22876748,34.831707
1173,17,79,33.311733,0.3613178,0.23336552,35.101974
1174,17,80,33.32993,0.1640291,0.0,35.15778
1175,17,81,31.964281,0.1509221,0.0,33.769135
1176,17,82,31.435083,0.13364759,0.0,33.120926
1177,17,83,33.07706,0.15837303,0.0,33.667084
1178,17,84,33.671967,0.26417086,0.036445137,34.950832
1179,17,85,32.204845,0.47063702,1.8268836,34.528942
1180,17,86,29.547873,0.5803815,0.8047464,31.822987
1181,17,87,32.349236,0.25654447,7.979728e-14,33.12938
1182,17,88,33.65057,0.23235586,0.0,33.798798
1183,17,89,34.07677,0.34282893,0.0,35.12084
1184,17,90,32.83137,0.43494698,0.20000936,34.547253
1185,17,91,33.352882,0.41280213,0.1774779,35.303562
1186,17,92,34.905178,0.34136865,3.469447e-15,36.258923
1187,17,93,34.66178,0.35568595,7.979728e-14,35.998856
1188,17,94,35.662548,0.3801495,0.0,37.048306
1189,17,95,33.65654,0.43111205,2.9651237,35.448746
1190,17,96,34.666172,0.34876195,0.0,36.406033
1191,17,97,34.41719,0.19280255,0.0,36.086163
1192,17,98,33.40599,0.17583463,0.0,35.46267
1193,17,99,33.522545,0.14336595,0.0,35.397068
1194,17,100,33.521297,0.1711126,3.469447e-15,35.619328
1195,17,101,33.36815,0.15735343,8.326673e-14,34.86033
1196,17,102,33.073753,0.39816743,0.04702946,35.139187
1197,17,103,33.782757,0.20061468,0.0019863693,35.24738
1198,17,104,33.358765,0.236482,7.979728e-14,35.220913
1199,17,105,33.319653,0.31354347,0.0026487154,35.418373
1200,17,106,35.449837,0.23772372,0.0027362928,36.76991
1201,17,107,34.680782,0.33377975,0.0006444902,36.7244
1202,17,108,35.519043,0.2964554,0.0,37.26607
1203,17,109,35.273994,0.3653265,0.015488109,37.682007
1204,17,110,33.99884,0.4047003,0.14617038,36.559254
1205,17,111,33.059002,0.44176292,0.5778076,35.930893
1206,17,112,34.60581,0.398432,0.17413974,36.58925
1207,17,113,30.565395,0.5504403,0.16149104,34.71654
1208,17,114,30.006168,0.6031975,0.3385361,32.723003
1209,17,115,33.242916,0.4909397,0.038926948,34.84893
1210,17,116,35.41221,0.33526042,0.012474618,36.934803
1211,17,117,35.513504,0.40011415,0.36932263,37.646336
1212,17,118,34.340748,0.46808046,1.321673,37.028862
1213,17,119,33.801643,0.42349163,0.0,36.608074
1214,17,120,34.72734,0.45267433,0.016193734,37.549595
1215,17,121,34.574726,0.46106756,0.0011719776,37.409615
1216,17,122,34.66642,0.46022514,0.91868824,37.444546
1217,17,123,33.800323,0.50055003,0.2675414,37.3803
1218,17,124,28.993807,0.6640649,17.666615,32.160538
1219,17,125,32.71037,0.4856172,0.0,33.38171
1220,17,126,34.788494,0.4552479,3.469447e-15,35.209507
1221,17,127,34.282066,0.49455315,0.067122824,35.790028
1222,17,128,33.04749,0.4921791,0.0,34.87408
1223,17,129,33.92526,0.48031652,0.0006963847,35.67957
1224,17,130,33.006744,0.50135636,0.1652467,35.37193
1225,17,131,31.212297,0.58489794,2.1854162,33.696934
1226,17,132,32.673748,0.52935404,0.74630016,34.595703
1227,17,133,31.343056,0.5638276,5.7720356,33.915405
1228,17,134,32.275074,0.5134489,0.28673193,33.903954
1229,17,135,30.554718,0.59024006,0.26703116,32.80154
1230,17,136,31.317566,0.55131084,0.23079138,33.324738
1231,17,137,32.938736,0.52368104,0.42005387,34.613598
1232,17,138,33.004814,0.4781702,0.012393473,35.058826
1233,17,139,33.11053,0.50140154,3.1191857,35.53248
1234,17,140,31.607866,0.5065618,0.11326731,33.924965
1235,17,141,30.869467,0.60887045,7.234936,33.74689
1236,17,142,31.041376,0.5858031,0.95082206,32.97981
1237,17,143,31.90497,0.5629242,2.6054695,33.80215
1238,17,144,28.044638,0.70442927,3.131836,30.944223
1239,17,145,28.891552,0.6823446,0.6734504,31.10197
1240,17,146,31.932268,0.54339087,0.25912565,32.744747
1241,17,147,32.63368,0.5602921,0.40398687,33.850338
1242,17,148,31.963573,0.582258,0.44750375,33.436707
1243,17,149,31.420383,0.5468308,0.087560594,33.345303
1244,17,150,32.648064,0.54110026,0.057253115,34.550808
1245,17,151,30.999264,0.5834888,0.23139983,33.627148
1246,17,152,27.787985,0.6868269,0.8758258,31.615038
1247,17,153,28.299852,0.69856447,0.1983205,30.005058
1248,17,154,30.497524,0.65471786,1.970736,32.27959
1249,17,155,31.09152,0.6234067,0.30698207,33.030262
1250,17,156,30.991835,0.62424153,2.3750296,33.022236
1251,17,157,28.654913,0.68682355,0.87072754,31.548384
1252,17,158,27.575216,0.7159005,0.4838475,29.636295
1253,17,159,29.220074,0.66742426,0.023968901,30.865456
1254,17,160,30.634054,0.6570424,2.2775874,32.29444
1255,17,161,31.310038,0.6505295,1.2656461,32.596462
1256,17,162,30.080027,0.68448734,0.8541593,32.04262
1257,17,163,30.702833,0.61217797,0.16008374,32.378586
1258,17,164,29.53849,0.66050917,1.1665165,32.117844
1259,17,165,30.175594,0.65717167,1.8945786,31.62601
1260,17,166,30.677748,0.64847815,0.20851745,32.283707
1261,17,167,31.849743,0.59158254,0.50917023,33.240883
1262,17,168,30.034678,0.61911404,0.1624613,32.456676
1263,17,169,31.856602,0.5607643,3.469447e-15,33.57349
1264,17,170,31.583954,0.5817434,0.23956403,33.48498
1265,17,171,31.99248,0.5500165,0.28155792,33.690582
1266,17,172,31.62288,0.5581144,0.11552002,33.556793
1267,17,173,28.40378,0.6855599,5.9467287,32.350185
1268,17,174,28.530922,0.7012378,0.5581876,31.016005
1269,17,175,30.41598,0.6601481,11.692971,32.152042
1270,17,176,27.916245,0.7089048,0.061524823,30.594236
1271,17,177,29.307608,0.68258196,0.014084425,30.671618
1272,17,178,29.600058,0.66312027,0.18207043,31.11359
1273,17,179,30.154577,0.63960904,0.7306116,31.791748
1274,17,180,27.115786,0.7935488,13.156852,28.693333
1275,17,181,30.143703,0.6846434,1.0433885,31.06844
1276,17,182,30.015722,0.66924477,18.643898,31.5111
1277,17,183,27.22422,0.74236816,0.30998024,29.175646
1278,17,184,29.685781,0.70184594,0.6202177,30.708395
1279,17,185,26.079475,0.84193677,11.884053,29.318466
1280,17,186,25.484488,0.83570355,11.028662,27.867796
1281,17,187,28.47611,0.73039156,0.09294466,29.45044
1282,17,188,29.843552,0.7107198,2.7629838,30.460117
1283,17,189,27.852566,0.77235407,8.611685,29.84254
1284,17,190,24.344418,0.8327553,1.541177,26.537388
1285,17,191,27.07418,0.75352097,2.4748075,28.21752
1286,17,192,28.005503,0.75555265,2.3787608,29.224981
1287,17,193,27.222258,0.81076825,12.094373,28.84497
1288,17,194,27.23371,0.7881592,6.5422897,28.384497
1289,17,195,28.518393,0.7622208,2.6493733,29.465033
1290,17,196,25.887854,0.82867396,4.6062427,28.585386
1291,17,197,25.901878,0.8185089,3.9770937,27.250244
1292,17,198,27.360533,0.7797466,0.93176275,28.287123
1293,17,199,26.391602,0.78945976,0.16606146,27.819258
1294,17,200,25.213509,0.8652548,10.111135,27.240364
1295,17,201,25.498842,0.83684534,5.4465737,26.859016
1296,17,202,26.160448,0.8078747,11.222962,27.712255
1297,17,203,27.309841,0.76420784,0.06736754,28.134163
1298,17,204,26.417173,0.84169835,10.653551,27.760658
1299,17,205,26.133602,0.8275516,16.366304,27.447168
1300,17,206,27.93796,0.74528784,0.3312575,28.445953
1301,17,207,26.53512,0.8142615,2.1025832,28.683657
1302,17,208,28.259605,0.7504704,0.37627998,29.007576
1303,17,209,25.479578,0.8479252,9.208085,27.522394
1304,17,210,27.074118,0.8196955,7.021066,28.120928
1305,17,211,27.625587,0.78245366,1.537751,28.47615
1306,17,212,27.770813,0.794649,5.542237,28.933817
1307,17,213,26.670612,0.819505,4.954527,28.157064
1308,17,214,26.735018,0.81524414,8.008779,27.924118
1309,17,215,26.343119,0.80930656,0.26506436,27.184961
1310,17,216,27.505913,0.76996297,0.7513098,27.991852
1311,17,217,26.853987,0.8011579,3.522124,28.26567
1312,17,218,25.875546,0.8634223,18.733225,27.296263
1313,17,219,26.848465,0.7976076,1.1129595,27.47748
1314,17,220,25.842619,0.8324506,9.414388,27.147903
1315,17,221,26.62518,0.80877346,0.94585514,27.438814
1316,17,222,26.122515,0.8126882,0.96837,27.341244
1317,17,223,27.38676,0.7547422,0.61601573,27.969982
1318,17,224,27.945879,0.7451369,0.96874577,28.332212
1319,17,225,27.755852,0.7752593,0.8238786,28.972511
1320,17,226,26.928036,0.8142665,6.65124,28.171993
1321,17,227,27.730011,0.7823113,3.0119755,28.667747
1322,17,228,26.66738,0.8040571,5.3394203,27.40969
1323,17,229,26.30643,0.8077822,2.4471002,27.149714
1324,17,230,27.095556,0.8100423,7.177784,28.061369
1325,17,231,26.455969,0.8146324,8.846743,27.973814
1326,17,232,25.578123,0.8614433,6.596247,26.142385
1327,17,233,27.180525,0.77663493,0.842708,27.508448
1328,17,234,24.816967,0.8683952,6.495274,26.549234
1329,17,235,24.4566,0.8969641,19.989346,25.704128
1330,17,236,25.352333,0.88079005,16.309385,25.888353
1331,17,237,25.629642,0.82176805,2.629373,26.09545
1332,17,238,25.823603,0.8400649,8.516975,26.344498
1333,17,239,26.64621,0.82519156,13.791892,26.92037
1334,17,240,25.199808,0.87343377,9.773718,26.718344
1335,17,241,25.384405,0.8638667,3.9597876,26.308014
1336,17,242,25.877022,0.8475179,1.8999177,27.004395
1337,17,243,27.939585,0.7590236,1.7876123,28.41351
1338,17,244,27.392794,0.7943552,4.834186,28.258556
1339,17,245,26.393827,0.8011067,6.0735707,27.578753
1340,17,246,27.145588,0.8076225,3.2059624,28.03614
1341,17,247,25.995987,0.8308972,1.7290128,28.24079
1342,17,248,27.82941,0.741851,0.3068346,28.424965
1343,17,249,28.374992,0.7324596,1.6778716,28.972464
1344,17,250,26.623087,0.8206423,4.5625424,28.588299
1345,17,251,26.473495,0.8214668,1.5874792,28.17053
1346,17,252,25.766943,0.84493625,0.8460148,27.620962
1347,17,253,27.298716,0.8103507,0.640186,28.674093
1348,17,254,28.187904,0.7661116,0.5559769,29.0936
1349,17,255,26.93577,0.8085492,8.949825,28.495783
1350,17,256,27.8382,0.81106895,1.5653292,28.81482
1351,17,257,28.57057,0.7717409,0.2991743,29.296507
1352,17,258,24.533577,0.85512066,21.899685,27.152985
1353,17,259,26.908037,0.8064395,6.9354253,27.833965
1354,17,260,25.623825,0.87615114,3.85602,28.122923
1355,17,261,27.086987,0.81182814,6.426726,27.831589
1356,17,262,26.465721,0.8298226,8.430805,28.109552
1357,17,263,27.947054,0.7690349,0.21473917,28.858942
1358,17,264,28.829868,0.7830284,1.4374093,29.732746
1359,17,265,28.267351,0.77503514,2.6911278,29.157913
1360,17,266,28.159098,0.7792097,0.22135665,29.336855
1361,17,267,28.900324,0.7871381,2.974008,29.8856
1362,17,268,29.355827,0.7627669,1.2725646,30.091307
1363,17,269,29.230356,0.7416912,0.049086235,29.901733
1364,17,270,28.081316,0.7695501,1.3853495,29.510284
1365,17,271,27.632368,0.750977,0.24459624,29.024542
1366,17,272,29.302633,0.725767,0.78496796,30.25137
1367,17,273,29.08791,0.7017071,1.8984349,30.054764
1368,17,274,26.756826,0.7935892,13.22402,28.200426
1369,17,275,26.555182,0.8075267,0.26082537,27.796473
1370,17,276,28.108664,0.7701973,0.7188544,29.072018
1371,17,277,27.83428,0.7452443,5.3727384,29.014578
1372,17,278,26.857986,0.79486257,9.347208,28.668776
1373,17,279,26.473507,0.8376946,6.553698,28.374868
1374,17,280,28.229267,0.76395553,0.687482,28.678028
1375,17,281,25.750526,0.7888091,0.3236333,27.164013
1376,17,282,26.625793,0.8060956,22.08185,27.903732
1377,17,283,25.444555,0.8553855,13.115534,27.144089
1378,17,284,25.20097,0.88448405,20.788807,26.64358
1379,17,285,24.956001,0.8431173,2.738943,26.052925
1380,17,286,26.414867,0.813982,7.0918727,27.072311
1381,17,287,28.545073,0.74411196,0.14104857,28.624447
1382,17,288,28.300234,0.7667031,3.945649,28.71796
1383,17,289,28.870853,0.7207431,0.0023661333,29.200666
1384,17,290,27.953836,0.7470539,0.4203606,28.613556
1385,17,291,29.55577,0.7000871,0.028428322,29.804544
1386,17,292,28.540026,0.7525815,2.13225,29.653292
1387,17,293,26.045296,0.7971111,0.07471947,27.507746
1388,17,294,26.906681,0.8000955,2.4663863,27.586187
1389,17,295,28.394579,0.754648,0.05749923,29.015867
1390,17,296,29.124296,0.72402436,0.033909842,29.728212
1391,17,297,29.162415,0.7161331,0.37391734,29.971119
1392,17,298,29.584888,0.64235806,0.0,29.9878
1393,17,299,29.733114,0.6172346,0.036324102,30.07615
1394,17,300,28.58558,0.73881257,4.993338,29.641418
1395,17,301,28.694788,0.7224417,2.8904064,29.494753
1396,17,302,28.335573,0.6698767,2.7655118,29.517729
1397,17,303,28.736408,0.63777006,1.8063973,29.503391
1398,17,304,28.112898,0.73001504,0.29013386,28.868996
1399,17,305,28.887487,0.65550184,0.025161574,29.53985
1400,17,306,29.60346,0.57803756,0.001378828,30.107557
1401,17,307,28.955706,0.59960055,0.068269856,29.571815
1402,17,308,29.398092,0.5855027,0.0,30.355053
1403,17,309,29.583029,0.4875598,0.0,29.947037
1404,17,310,29.609,0.46523544,3.469447e-15,30.429543
1405,17,311,30.158676,0.46921542,7.979728e-14,30.884872
1406,17,312,30.374634,0.48682955,0.0,31.354828
1407,17,313,30.242186,0.45701563,0.0,31.410088
1408,17,314,30.241562,0.43940356,0.0,31.440678
1409,17,315,30.103622,0.45420915,0.0,31.321127
1410,17,316,29.930548,0.33515418,0.0,30.790205
1411,17,317,28.603033,0.3529478,0.0,29.583
1412,17,318,28.038916,0.26360473,0.0,28.849228
1413,17,319,28.693617,0.30796275,6.938894e-15,29.027346
1414,17,320,29.659792,0.34046787,1.5959456e-13,29.836155
1415,17,321,29.38478,0.29772925,0.0,29.689453
1416,17,322,29.407736,0.2810736,0.0,29.553978
1417,17,323,29.256063,0.27431276,0.0,29.061964
1418,17,324,28.297977,0.26741776,0.0,28.867676
1419,17,325,29.253246,0.26490873,0.0,28.939953
1420,17,326,28.898695,0.32870206,3.469447e-15,28.43989
1421,17,327,29.761671,0.34034786,7.979728e-14,28.953215
1422,17,328,29.738747,0.34159076,0.0,29.141682
1423,17,329,29.812305,0.33098677,3.469447e-15,29.458017
1424,17,330,29.739595,0.30390605,7.979728e-14,29.441513
1425,17,331,29.45024,0.3157678,0.0,28.923061
1426,17,332,29.92678,0.36626688,0.0,29.249817
1427,17,333,28.863056,0.27254185,0.0,28.615898
1428,17,334,28.54886,0.21574715,0.0,28.528992
1429,17,335,28.214287,0.25232008,0.0,28.40072
1430,17,336,28.006516,0.25820214,0.0,28.135937
1431,17,337,27.485445,0.28412366,0.0,27.57106
1432,17,338,27.215986,0.29241884,3.469447e-15,27.709604
1433,17,339,26.861858,0.25812674,7.979728e-14,27.606043
1434,17,340,26.76555,0.26077518,0.0,26.714231
1435,17,341,27.172556,0.33505037,0.0,27.276672
1436,17,342,26.625591,0.29220092,0.0,27.284328
1437,17,343,26.670965,0.26799074,0.0,27.378513
1438,17,344,26.43974,0.2915188,0.0,26.971878
1439,17,345,26.732155,0.24219805,0.0,27.076708
1440,17,346,26.624292,0.23142768,0.0,26.866034
1441,17,347,26.52839,0.22484276,0.0,26.7313
1442,17,348,26.418827,0.19748273,0.0,26.881472
1443,17,349,26.080881,0.18089789,0.0,26.649641
1444,17,350,26.50871,0.19594833,0.0,26.933317
1445,17,351,27.465546,0.20087019,0.0,27.230484
1446,17,352,27.093912,0.21593401,0.0,27.62589
1447,17,353,27.395088,0.26291153,3.469447e-15,27.924
1448,17,354,27.558895,0.24390055,7.979728e-14,28.117441
1449,17,355,26.87007,0.2200491,0.0,27.636505
1450,17,356,27.055964,0.18375549,0.0,27.179962
1451,17,357,26.956938,0.19588059,0.0,27.127586
1452,17,358,25.718834,0.19600993,3.469447e-15,26.336824
1453,17,359,25.319744,0.17474264,7.979728e-14,26.35809
1454,17,360,25.401794,0.19239618,0.0,26.175573
1455,17,361,25.705547,0.22233433,0.0,26.260155
1456,17,362,26.078861,0.24303877,0.0,26.617903
1457,17,363,25.956047,0.22317077,6.938894e-15,26.48285
1458,17,364,25.499245,0.20343795,1.63064e-13,25.996435
1459,17,365,24.769257,0.19647917,7.979728e-14,25.38943
